id,product_name,category,purchase_price,sale_price,current_stock,last_updated,batch_number,number_of_tabs,unit_price_per_tab,item_type,expiry_date,is_fixed_price,fixed_sale_price,business_id,is_active
6040c74f-d484-42a4-a72a-f2721bd50dce,Living Bitters syrup,Stomach,37.00,48.00,2.00,2025-07-12 10:38:14,,1,48.00,Pharmacy,2027-04-01,True,48.00,3893b602-6fed-4216-95b1-df1bb22fed9f,True
ff74ef30-5848-4338-8b14-b903c762ff86,Time Herbal,Fevar,24.00,29.00,13.00,2025-07-12 10:41:21,,1,29.00,Pharmacy,2026-01-29,True,29.00,3893b602-6fed-4216-95b1-df1bb22fed9f,True
0ec6bad8-b0ac-4608-9481-d762c374af77,Pomaa Bitters,Piles,10.00,15.00,10.00,2025-07-12 10:47:04,,1,15.00,Pharmacy,2027-01-01,True,15.00,3893b602-6fed-4216-95b1-df1bb22fed9f,True
ff268e14-0f49-478b-a4d9-58381c85afd7,Grofynn Tonic,Blood Tonic,16.00,25.00,6.00,2025-07-12 10:52:29,,1,25.00,Pharmacy,2027-01-15,True,25.00,3893b602-6fed-4216-95b1-df1bb22fed9f,True
a6d8d45f-6bd9-40d8-8b57-8cc25f903098,Madam Catherine,Blood Tonic,14.00,25.00,6.00,2025-07-12 10:56:46,,1,25.00,Pharmacy,2027-02-01,True,25.00,3893b602-6fed-4216-95b1-df1bb22fed9f,True
083a9f35-fc35-440b-b648-290bb3bb126f,NuruDol,painkiller,7.90,100.00,4.00,2025-07-12 10:59:41,,10,10.00,Pharmacy,2027-07-01,True,100.00,3893b602-6fed-4216-95b1-df1bb22fed9f,True
70411711-3d53-4678-a27e-de06a8d9fddc,Gifas Mix,Fevar,20.00,28.00,9.00,2025-07-12 11:05:28,,1,28.00,Pharmacy,2027-01-15,True,28.00,3893b602-6fed-4216-95b1-df1bb22fed9f,True
8068b971-b531-45ac-bbb0-17bb0d2aba4f,Glucose,immune booster,9.32,15.00,2.00,2025-07-12 11:07:24,,1,15.00,Pharmacy,2026-05-05,True,15.00,3893b602-6fed-4216-95b1-df1bb22fed9f,True
8f6b33b9-bccd-4f19-8379-70dba4f4a318,Methylated Spirit,wound dress,4.20,6.00,11.00,2025-07-12 11:16:58,,1,6.00,Pharmacy,2027-09-09,True,6.00,3893b602-6fed-4216-95b1-df1bb22fed9f,True
97ba9813-348f-4f02-8911-93c76866d574,Octid,painkiller,5.39,100.00,9.90,2025-07-12 10:47:39,,10,10.00,Pharmacy,2027-03-01,True,100.00,3893b602-6fed-4216-95b1-df1bb22fed9f,True
a3fd9f68-da2a-4e8a-ad4d-4641653916dd,NuroDol Gel,painkiller,6.50,15.00,10.00,2025-07-12 11:22:32,,1,15.00,Pharmacy,2025-10-01,True,15.00,3893b602-6fed-4216-95b1-df1bb22fed9f,True
5c6ae39c-a7d6-47be-90c9-951662064907,Adutwumwaa Bitters,piles,20.00,28.00,7.00,2025-07-12 11:24:41,,1,28.00,Pharmacy,2027-02-01,True,28.00,3893b602-6fed-4216-95b1-df1bb22fed9f,True
6be07042-a470-4d77-888c-1f3c7a05fe95,Givers Koo Capsule,pile,53.00,70.00,43.00,2025-07-12 11:30:41,,30,2.33,Pharmacy,2026-01-01,True,70.00,3893b602-6fed-4216-95b1-df1bb22fed9f,True
1b2a00fa-f839-4b4b-b76a-9e07c6fed82f,Trex-Orix Forte small,blood tonic,25.98,35.00,5.00,2025-07-12 11:32:37,,1,35.00,Pharmacy,2027-09-01,True,35.00,3893b602-6fed-4216-95b1-df1bb22fed9f,True
6ae1c36f-b820-41aa-bcac-8cb1b4ec2c22,ApetaTrust Syrup Large,blood tonic,24.90,37.00,5.00,2025-07-12 11:35:38,,1,37.00,Pharmacy,2026-05-01,True,37.00,3893b602-6fed-4216-95b1-df1bb22fed9f,True
279811c3-1d8c-4073-a555-8d6c4e53d5c0,Hepa Plus,booster,16.00,25.00,2.00,2025-07-12 11:37:27,,1,25.00,Pharmacy,2027-04-03,True,25.00,3893b602-6fed-4216-95b1-df1bb22fed9f,True
9e37a4b7-47e6-4649-93dc-f337b6cf7027,ApetaTrust Syrup Small,blood tonic,13.50,20.00,6.00,2025-07-12 11:38:46,,1,20.00,Pharmacy,2027-01-27,True,20.00,3893b602-6fed-4216-95b1-df1bb22fed9f,True
778dc7f0-a6bc-4ca7-b060-f29568b2ce85,Taabea mix,Fevar,22.00,28.00,13.00,2025-07-12 11:18:43,,1,28.00,Pharmacy,2026-01-01,True,28.00,3893b602-6fed-4216-95b1-df1bb22fed9f,True
48250156-9ca5-41b3-b82e-080462bf42e8,Gifas p Capsules,Booster,20.00,28.00,10.00,2025-07-12 11:03:40,,1,28.00,Pharmacy,2026-10-09,True,28.00,3893b602-6fed-4216-95b1-df1bb22fed9f,True
3cb7d442-8241-4ac3-b4e5-ad02a85b8ec4,paracetamol syrup,painkiller/fever,6.85,10.00,6.00,2025-07-12 10:36:46,,1,10.00,Pharmacy,2026-05-01,True,10.00,3893b602-6fed-4216-95b1-df1bb22fed9f,True
53d956ff-627e-4fd5-bfb2-54af3f1eb070,ORS,liver salt,1.58,75.00,1.70,2025-07-12 11:19:26,,25,3.00,Pharmacy,2028-04-01,True,75.00,3893b602-6fed-4216-95b1-df1bb22fed9f,True
64a1098e-1fea-49a0-aff0-db82a98bd2c4,3p Garlic Bitters,Booster,1.35,4.00,50.00,2025-07-17 19:53:49,,1,4.00,Pharmacy,2027-04-01,True,4.00,3893b602-6fed-4216-95b1-df1bb22fed9f,True
a73392a2-455c-4c5c-aec8-37612b727278,Magnesium Trisilicate,Stomach,6.50,13.00,3.00,2025-07-12 11:39:58,,1,13.00,Pharmacy,2027-06-06,True,13.00,3893b602-6fed-4216-95b1-df1bb22fed9f,True
58c4eba8-dc0e-49b8-905d-f9e9e04a7284,Zulu-100,painkiller,6.69,100.00,3.60,2025-07-12 11:26:05,,10,10.00,Pharmacy,2028-01-01,True,100.00,3893b602-6fed-4216-95b1-df1bb22fed9f,True
9660be40-a550-4ed0-8a5a-5cdaebbe51e1,Adom KOo Mix,pile,7.00,15.00,6.00,2025-07-12 11:34:32,,1,15.00,Pharmacy,2028-02-02,True,15.00,3893b602-6fed-4216-95b1-df1bb22fed9f,True
aec1e313-48d8-4817-bda7-e837f1a81d1a,Menstak,painkiller,5.38,100.00,4.20,2025-07-12 11:28:27,,10,10.00,Pharmacy,2027-09-01,True,100.00,3893b602-6fed-4216-95b1-df1bb22fed9f,True
8fc87c87-617e-4c57-9725-ef46ff823e09,Ronfit Forte,painkiller,5.49,200.00,9.17,2025-07-12 10:53:23,,20,10.00,Pharmacy,2027-07-01,True,200.00,3893b602-6fed-4216-95b1-df1bb22fed9f,True
706183dc-15a0-4706-b204-6440d51d19a0,Gebediclo 100,painkiller,1.92,80.00,8.50,2025-07-12 10:43:02,,10,8.00,Pharmacy,2026-09-01,True,80.00,3893b602-6fed-4216-95b1-df1bb22fed9f,True
3eeefd04-c630-4306-89b3-ee4133112f85,Amuzu Galic Bitters,Booster,32.00,45.00,17.00,2025-07-12 10:35:07,,1,45.00,Pharmacy,2027-01-01,True,45.00,3893b602-6fed-4216-95b1-df1bb22fed9f,True
c51b73e9-3c31-4456-b532-5e9d87be7edc,Dipex,painkiller,4.18,70.00,6.20,2025-07-12 10:45:40,,10,7.00,Pharmacy,2027-01-01,True,70.00,3893b602-6fed-4216-95b1-df1bb22fed9f,True
2f3bbc96-f93d-41c5-8797-5092009e07ee,Adom Koo Capsule,piles,32.00,75.00,6.87,2025-07-12 11:27:42,,30,2.50,Pharmacy,2028-02-02,True,75.00,3893b602-6fed-4216-95b1-df1bb22fed9f,True
f41f3342-f25f-4c65-b025-05004bcf5b0a,polyfer,Blood Tonic,6.30,10.00,7.00,2025-07-12 12:29:24,,1,10.00,Pharmacy,2027-04-03,True,10.00,3893b602-6fed-4216-95b1-df1bb22fed9f,True
0373ca07-4996-4f88-b9ca-371ad97f342a,Amuzu pee,booster,27.00,45.00,5.00,2025-07-12 11:49:56,,1,45.00,Pharmacy,2027-02-21,True,45.00,3893b602-6fed-4216-95b1-df1bb22fed9f,True
a031a3b7-a624-4fce-9dbd-4c616d45533f,Fewash,detol,24.00,35.00,3.00,2025-07-12 11:53:44,,1,35.00,Pharmacy,2026-03-01,True,35.00,3893b602-6fed-4216-95b1-df1bb22fed9f,True
c48706be-2ffd-4e08-9798-cd49b73627a0,Pocupain,painkiller,4.91,100.00,21.00,2025-07-12 11:55:59,,10,10.00,Pharmacy,,True,100.00,3893b602-6fed-4216-95b1-df1bb22fed9f,True
eb064c2c-ee95-4d8b-a5c2-5abcb0450fc6,Ancigel Tab,stomach,5.10,10.00,39.50,2025-07-12 12:17:27,,2,5.00,Pharmacy,2026-11-10,True,10.00,3893b602-6fed-4216-95b1-df1bb22fed9f,True
450b7c8a-18a1-404d-8dda-f347c7031e45,Lufart suspension,malaria,20.00,25.00,2.00,2025-07-12 12:10:47,,1,25.00,Pharmacy,2027-10-09,True,25.00,3893b602-6fed-4216-95b1-df1bb22fed9f,True
b6851ef3-25df-4dc0-8a09-c97e3a5be5a5,Jeditone,blood,16.00,37.00,2.00,2025-07-12 12:12:21,,1,37.00,Pharmacy,2027-03-02,True,37.00,3893b602-6fed-4216-95b1-df1bb22fed9f,True
fb563a10-d3fd-4f30-9ddc-be67a3f32f90,Dicnace-100,Painkiller,13.00,30.00,70.00,2025-07-12 12:26:43,,10,3.00,Pharmacy,2027-12-11,True,30.00,3893b602-6fed-4216-95b1-df1bb22fed9f,True
90fa3917-a2ab-43a8-9901-86bc31cdca5a,Conbact-A.,skin care,10.20,15.00,5.00,2025-07-12 12:27:50,,1,15.00,Pharmacy,2025-11-01,True,15.00,3893b602-6fed-4216-95b1-df1bb22fed9f,True
25e344cd-a4ef-4877-bcce-c7fd73becd53,Emrim Cream,skin care,10.20,15.00,2.00,2025-07-12 12:29:40,,1,15.00,Pharmacy,2025-11-01,True,15.00,3893b602-6fed-4216-95b1-df1bb22fed9f,True
c011b4c6-9804-4432-9622-116c2514420a,Enrash Cream,skin care,10.20,15.00,2.00,2025-07-12 12:30:50,,1,15.00,Pharmacy,2025-11-01,True,15.00,3893b602-6fed-4216-95b1-df1bb22fed9f,True
4fd25a80-af98-490d-a118-71d574d84374,Polyfere (large),Blood Tonic,18.08,25.00,4.00,2025-07-12 12:31:15,,1,25.00,Pharmacy,2027-03-02,True,25.00,3893b602-6fed-4216-95b1-df1bb22fed9f,True
3f0d185c-fa56-45b2-ba18-981126a79357,Joy ointment,skin care,8.30,13.00,6.00,2025-07-12 12:32:37,,1,13.00,Pharmacy,2028-01-01,True,13.00,3893b602-6fed-4216-95b1-df1bb22fed9f,True
3ad02277-3dd5-426e-b0b3-88d48e474c64,Cypro Rite,Blood Tonic,110.00,140.00,1.00,2025-07-12 12:34:57,,1,140.00,Pharmacy,2027-04-01,True,140.00,3893b602-6fed-4216-95b1-df1bb22fed9f,True
489b0f41-b870-4518-8838-b71d6d62cf26,Whitfied's ointment,skin care,15.89,20.00,2.00,2025-07-12 12:37:04,,1,20.00,Pharmacy,2027-10-01,True,20.00,3893b602-6fed-4216-95b1-df1bb22fed9f,True
91349157-b24a-4600-8f14-b5ccf609e833,Ferromed Syrup,Blood Tonic,180.00,20.00,1.00,2025-07-12 12:38:56,,1,20.00,Pharmacy,2026-06-01,True,20.00,3893b602-6fed-4216-95b1-df1bb22fed9f,True
65ecf17b-cde8-4ba4-b9f9-7c720ea07afd,Chocho Cream,skin care,8.90,15.00,5.00,2025-07-12 12:40:06,,1,15.00,Pharmacy,2027-07-01,True,15.00,3893b602-6fed-4216-95b1-df1bb22fed9f,True
fe4948ed-ff69-4404-b4bf-1438e4706e8f,Cyprorite Syrup,Blood Tonic,110.00,140.00,1.00,2025-07-12 12:41:06,,1,140.00,Pharmacy,2026-12-01,True,140.00,3893b602-6fed-4216-95b1-df1bb22fed9f,True
7baa5951-91ca-44c7-94e6-efe05fe5bc2b,Epiderm cream,skin care,8.10,13.00,3.00,2025-07-12 12:49:14,,1,13.00,Pharmacy,2026-03-01,True,13.00,3893b602-6fed-4216-95b1-df1bb22fed9f,True
2ae77806-a308-43de-b8ed-d0241fd8e640,Dermiron-Plus,skin care,8.10,15.00,10.00,2025-07-12 12:54:30,,1,15.00,Pharmacy,2027-05-01,True,15.00,3893b602-6fed-4216-95b1-df1bb22fed9f,True
10c8ef2e-0e43-4333-b6fd-9e0cff1c45e6,Lofnac-100,painkiller,1.92,80.00,0.80,2025-07-12 11:45:17,,10,8.00,Pharmacy,2027-07-07,True,80.00,3893b602-6fed-4216-95b1-df1bb22fed9f,True
127146b6-504f-4b74-bef6-bc0ab93e8a71,Ancigel O,stomach,30.00,38.00,1.00,2025-07-12 12:02:34,,1,38.00,Pharmacy,2027-02-02,True,38.00,3893b602-6fed-4216-95b1-df1bb22fed9f,True
a7bcbcdc-fce7-4135-9acc-1ff622790913,Omeprazole entrance,stomach ulcher,15.00,20.00,2.00,2025-07-12 12:06:44,,4,5.00,Pharmacy,2027-10-01,True,20.00,3893b602-6fed-4216-95b1-df1bb22fed9f,True
99e605b2-4ee4-407b-9747-7b13990716be,Expect sed,cough,5.50,13.00,8.00,2025-07-12 11:45:23,,1,13.00,Pharmacy,2027-01-01,True,13.00,3893b602-6fed-4216-95b1-df1bb22fed9f,True
e5355e0e-107f-4869-85f6-c5d143e1fbc0,Ancigel,Stomach,27.00,38.00,2.00,2025-07-12 12:03:04,,1,38.00,Pharmacy,2027-08-07,True,38.00,3893b602-6fed-4216-95b1-df1bb22fed9f,True
6f28f976-3052-4828-b387-889bebb7d3a6,Piriton Tablet,cold,0.60,60.00,0.97,2025-07-12 12:51:49,,60,1.00,Pharmacy,2026-02-01,True,60.00,3893b602-6fed-4216-95b1-df1bb22fed9f,True
62cfb25e-02b2-4159-a6cd-6ec23dbcdfa8,Revit,Blood Tonic,6.00,9.00,8.03,2025-07-12 12:20:29,,3,3.00,Pharmacy,2025-09-01,True,9.00,3893b602-6fed-4216-95b1-df1bb22fed9f,True
602026ea-1a0e-4316-81d1-dafcd88ba188,Kiss Condom,STD protection,3.61,15.00,133.33,2025-07-12 11:51:57,,3,5.00,Pharmacy,2027-12-01,True,15.00,3893b602-6fed-4216-95b1-df1bb22fed9f,True
ad070142-8b2b-4ec0-90c8-9cc6a949e609,Mist Sena Co,pergutive,5.50,13.00,4.00,2025-07-12 11:44:24,,1,13.00,Pharmacy,2027-04-01,True,13.00,3893b602-6fed-4216-95b1-df1bb22fed9f,True
62c0a393-7759-47a8-a63c-0f38c0a3da86,Mizin Cream,skin care,10.20,15.00,13.00,2025-07-12 12:25:56,,1,15.00,Pharmacy,2025-09-01,True,15.00,3893b602-6fed-4216-95b1-df1bb22fed9f,True
c57f6dce-224c-4424-8295-14fdf495b465,Normal Saline Drops,cold,6.20,10.00,5.00,2025-07-12 12:42:36,,1,10.00,Pharmacy,2027-04-01,True,10.00,3893b602-6fed-4216-95b1-df1bb22fed9f,True
14f53349-aeda-4731-8be8-64de164f9de7,Rhizin Tab,catarrh,1.51,3.00,4.50,2025-07-12 13:01:32,,10,0.30,Pharmacy,2028-02-02,True,3.00,3893b602-6fed-4216-95b1-df1bb22fed9f,True
20d9fae9-b30e-469f-b52a-929f5d96b440,Rhizin Syrup,Catarrh,4.56,10.00,6.00,2025-07-12 12:53:54,,1,10.00,Pharmacy,2028-05-01,True,10.00,3893b602-6fed-4216-95b1-df1bb22fed9f,True
2ec92aee-07a5-4edd-af91-6b6fa1c8510f,Lufarrt Ds,malaria,25.00,30.00,18.00,2025-07-12 11:58:51,,1,30.00,Pharmacy,2028-02-01,True,30.00,3893b602-6fed-4216-95b1-df1bb22fed9f,True
2455e3c6-21ae-4045-98f1-776f68eacc00,Gudapet,food supliment,4.10,21.00,2.00,2025-07-12 13:05:43,,3,7.00,Pharmacy,2027-07-01,True,21.00,3893b602-6fed-4216-95b1-df1bb22fed9f,True
ef77d50b-2a6e-444b-ba1b-8b5acbbb9fc2,Cyprone Plus Tablet,food supliment,3.98,7.00,50.00,2025-07-12 13:14:34,,1,7.00,Pharmacy,2026-06-01,True,7.00,3893b602-6fed-4216-95b1-df1bb22fed9f,True
11cd2850-f62d-4c08-9992-7ecbc20fd691,Metromed F,Blood Tonic,11.80,20.00,6.00,2025-07-12 13:16:47,,1,20.00,Pharmacy,2026-03-01,True,20.00,3893b602-6fed-4216-95b1-df1bb22fed9f,True
ea1c9f00-a94b-4333-b66b-4031ce70e660,Abytone,food supliment,5.59,200.00,1.20,2025-07-12 13:25:20,,25,8.00,Pharmacy,2026-11-02,True,200.00,3893b602-6fed-4216-95b1-df1bb22fed9f,True
b0508776-c6be-4cd8-83c3-22c54acae882,Chloramphenicol ear drops,ear drop,6.42,10.00,30.00,2025-07-12 13:43:00,,1,10.00,Pharmacy,2027-08-01,True,10.00,3893b602-6fed-4216-95b1-df1bb22fed9f,True
4cfe4649-3190-431d-8d26-95a62ca6233e,Trishield,skin care,9.50,150.00,0.50,2025-07-12 13:50:25,,10,15.00,Pharmacy,2026-09-01,True,150.00,3893b602-6fed-4216-95b1-df1bb22fed9f,True
3dd4bb71-ae65-4963-af9f-18d07a88eb4f,Entramol-125,fever,11.90,30.00,8.00,2025-07-12 14:00:06,,10,3.00,Pharmacy,2027-02-01,True,30.00,3893b602-6fed-4216-95b1-df1bb22fed9f,True
ff656771-3133-41b2-8dd7-2591b4de36e8,Entramol-250,fever,11.90,30.00,9.50,2025-07-12 14:04:04,,10,3.00,Pharmacy,2027-01-01,True,30.00,3893b602-6fed-4216-95b1-df1bb22fed9f,True
2d357aed-3252-4368-ac91-322df1482125,Dress Solution,wound dress,49.80,60.00,3.00,2025-07-12 14:09:57,,1,60.00,Pharmacy,2027-03-01,True,60.00,3893b602-6fed-4216-95b1-df1bb22fed9f,True
56086c9f-4cd3-4783-aebb-3352f05ec774,Socomol Extra tablet,painkiller,4.91,100.00,0.10,2025-07-12 14:13:29,,10,10.00,Pharmacy,2027-02-01,True,100.00,3893b602-6fed-4216-95b1-df1bb22fed9f,True
f4792ab1-410c-4888-97e9-9fb1bee80610,Exerter Paracetamol,painkiller,3.39,50.00,0.90,2025-07-12 14:26:09,,10,5.00,Pharmacy,2029-02-01,True,50.00,3893b602-6fed-4216-95b1-df1bb22fed9f,True
75005e79-354f-402c-a195-ce148f142ad1,Coldrid,Headach,1.78,150.00,32.00,2025-07-12 14:39:28,,50,3.00,Pharmacy,2027-06-01,True,150.00,3893b602-6fed-4216-95b1-df1bb22fed9f,True
840a735b-059a-4096-8a5c-bbf88477132e,Major Nasal Drops,nasal drop,18.95,25.00,3.00,2025-07-12 14:07:36,,1,25.00,Pharmacy,2029-02-01,True,25.00,3893b602-6fed-4216-95b1-df1bb22fed9f,True
970e07cd-d615-409a-a614-2da1febe2067,Tabucap Capsule,painkiller,3.41,75.00,0.10,2025-07-12 14:58:16,,25,3.00,Pharmacy,2028-11-01,True,75.00,3893b602-6fed-4216-95b1-df1bb22fed9f,True
6507e35c-bb5d-4153-883a-f92c6e1aae9c,Chloramphenicol Eye Drop,eye drop,5.99,100.00,0.80,2025-07-12 13:46:45,,10,10.00,Pharmacy,2027-07-01,True,100.00,3893b602-6fed-4216-95b1-df1bb22fed9f,True
11f61b82-36a1-4207-abce-165ddf19e680,Gentamycin,ear/eye drop,5.99,100.00,1.10,2025-07-12 13:45:04,,10,10.00,Pharmacy,2026-10-01,True,100.00,3893b602-6fed-4216-95b1-df1bb22fed9f,True
c68c08ef-f076-4670-a2bf-97a3b5dcfc17,Panaleve,painkiller,2.23,75.00,11.50,2025-07-12 14:54:30,,15,5.00,Pharmacy,2027-01-01,True,75.00,3893b602-6fed-4216-95b1-df1bb22fed9f,True
7c74fb24-2d4a-4dcd-a82c-63097f0b5263,Fumet Suspension,stomach,9.48,20.00,9.00,2025-07-12 13:14:02,,1,20.00,Pharmacy,2027-10-01,True,20.00,3893b602-6fed-4216-95b1-df1bb22fed9f,True
3c86b7ba-ab40-4740-99ac-6158a8f2cace,Omeprazole Hycid,stomach,4.69,70.00,68.70,2025-07-12 13:29:35,,10,7.00,Pharmacy,2026-09-01,True,70.00,3893b602-6fed-4216-95b1-df1bb22fed9f,True
bd381da4-ca85-40fb-8d88-89aff75b9e73,Lumetrust Forte,malaria,17.90,750.00,0.57,2025-07-12 13:55:21,,30,25.00,Pharmacy,2027-07-01,True,750.00,3893b602-6fed-4216-95b1-df1bb22fed9f,True
de902b73-a861-4ab6-bd02-d0185804a17e,Rapinol,painkiller,1.10,62.50,10.92,2025-07-12 14:51:00,,25,2.50,Pharmacy,2027-03-01,True,62.50,3893b602-6fed-4216-95b1-df1bb22fed9f,True
6bc0ff9d-8d80-42bf-b603-2bbbab2304aa,Citro C,Booster,2.76,125.00,15.52,2025-07-12 14:55:39,,25,5.00,Pharmacy,2027-04-01,True,125.00,3893b602-6fed-4216-95b1-df1bb22fed9f,True
1e9fa779-518f-43fd-a737-4b9d3e66a093,Tanzol Syrup,Dewormer,3.60,100.00,0.94,2025-07-12 13:38:42,,25,4.00,Pharmacy,2027-10-01,True,100.00,3893b602-6fed-4216-95b1-df1bb22fed9f,True
63725f65-b26f-454d-b7ca-b7e00a57af40,Vermox 500,Dewormer,16.98,250.00,1.90,2025-07-12 13:31:15,,10,25.00,Pharmacy,2027-12-01,True,250.00,3893b602-6fed-4216-95b1-df1bb22fed9f,True
9f48b925-e812-4a79-a343-a5f6adfa3a51,NO.10 Liver Salt,stomach,1.41,492.00,49.98,2025-07-12 13:43:36,,164,3.00,Pharmacy,2026-07-01,True,492.00,3893b602-6fed-4216-95b1-df1bb22fed9f,True
4f5534c4-44a3-4305-b600-1275541c52ac,Leena Capsule,blood tonic,7.59,130.00,2.40,2025-07-12 13:01:56,,10,13.00,Pharmacy,2027-11-10,True,130.00,3893b602-6fed-4216-95b1-df1bb22fed9f,True
b8016c0a-3be8-4b19-a92f-93678e6987be,Brufen-400,painkiller/fever,1.51,3.00,6.00,2025-07-12 14:34:40,,1,3.00,Pharmacy,2027-02-01,True,3.00,3893b602-6fed-4216-95b1-df1bb22fed9f,True
815208b3-75b8-4410-b3ff-822263ab1421,Tanzol Tablet,Dewormer,2.09,140.00,5.65,2025-07-16 13:56:45,,20,7.00,Pharmacy,2026-03-01,True,140.00,3893b602-6fed-4216-95b1-df1bb22fed9f,True
36bfbf1f-28ad-4588-9470-82389ee5da76,Martins Liver Salt,Stomach,1.41,75.00,74.60,2025-07-12 13:48:02,,25,3.00,Pharmacy,2026-11-01,True,75.00,3893b602-6fed-4216-95b1-df1bb22fed9f,True
5d9abfd8-bdf0-4600-a5fb-ef53cfccbe73,Arfan 20,malaria,4.62,240.00,74.32,2025-07-12 13:22:06,,24,10.00,Pharmacy,2026-12-10,True,240.00,3893b602-6fed-4216-95b1-df1bb22fed9f,True
8d5b317d-efdc-4171-899d-79c2f9c8ebcd,Fenbase Extra,painkiller,4.51,70.00,6.10,2025-07-12 13:20:51,,10,7.00,Pharmacy,2027-08-01,True,70.00,3893b602-6fed-4216-95b1-df1bb22fed9f,True
829d5f66-7a07-46ac-a5c5-8ea17f5882fb,Cfaprin,Headach,1.21,80.00,4.20,2025-07-12 15:00:43,,20,4.00,Pharmacy,2027-01-01,True,80.00,3893b602-6fed-4216-95b1-df1bb22fed9f,True
2c41f8d3-846d-4269-b52d-2fe9c093259d,Pectol,soar throat,2.89,144.00,1.00,2025-07-12 15:06:26,,36,4.00,Pharmacy,2028-02-01,True,144.00,3893b602-6fed-4216-95b1-df1bb22fed9f,True
14405f16-6f35-425e-a946-f594c0a806c5,Apeti Syrup,suppliment,28.98,37.00,4.00,2025-07-12 15:19:43,,1,37.00,Pharmacy,2026-11-01,True,37.00,3893b602-6fed-4216-95b1-df1bb22fed9f,True
4f93a187-99ac-453f-a9b8-520536151fb1,Jeditone Sirop,suppliment,16.70,37.00,2.00,2025-07-12 15:23:30,,1,37.00,Pharmacy,2027-02-01,True,37.00,3893b602-6fed-4216-95b1-df1bb22fed9f,True
5957f488-10ed-4cf8-b910-58f39afaa273,Xferon Syrup,Blood Tonic,18.00,25.00,8.00,2025-07-12 15:26:17,,1,25.00,Pharmacy,2026-11-01,True,25.00,3893b602-6fed-4216-95b1-df1bb22fed9f,True
af051fbd-1753-4ac9-bcca-ed887d198d55,Folivite Syrup,Blood Tonic,36.90,45.00,5.00,2025-07-12 15:28:30,,1,45.00,Pharmacy,2026-07-01,True,45.00,3893b602-6fed-4216-95b1-df1bb22fed9f,True
5e6449a5-3956-4ad4-a4a4-9c3fbcc66141,Apetamin,blood tonic,39.98,60.00,2.00,2025-07-12 15:34:57,,1,60.00,Pharmacy,2027-01-01,True,60.00,3893b602-6fed-4216-95b1-df1bb22fed9f,True
bef8f0f5-3b5d-42fe-b502-04d391803af3,Cirotamin Tonic,blood tonic,21.89,37.00,2.00,2025-07-12 15:38:24,,1,37.00,Pharmacy,2027-01-01,True,37.00,3893b602-6fed-4216-95b1-df1bb22fed9f,True
908cd109-812f-43aa-ae6a-0bcbf60a582b,Nexcofer,Blood Tonic,23.80,35.00,1.00,2025-07-12 15:43:07,,1,35.00,Pharmacy,2028-02-01,True,35.00,3893b602-6fed-4216-95b1-df1bb22fed9f,True
f59e8675-2e9c-4452-bc89-8c4d095c5401,Vigorix Forte Syrup,food supliment,21.02,28.00,4.00,2025-07-12 15:43:29,,1,28.00,Pharmacy,2028-02-01,True,28.00,3893b602-6fed-4216-95b1-df1bb22fed9f,True
c789b1ce-d2c6-49a7-9328-98e3627af8dd,Abyvita,food supliment,8.98,12.00,3.00,2025-07-12 15:46:48,,3,4.00,Pharmacy,2026-11-01,True,12.00,3893b602-6fed-4216-95b1-df1bb22fed9f,True
9938377e-479b-43b4-a845-6a15a4eafda7,Xferon Capsules,Blood Tonic,11.87,54.00,3.00,2025-07-12 15:52:38,,3,18.00,Pharmacy,2028-01-01,True,54.00,3893b602-6fed-4216-95b1-df1bb22fed9f,True
57acfff1-a44b-4e9b-925d-66c6e454b807,Kofof Cough Syrup,cough,10.70,20.00,3.00,2025-07-12 15:55:35,,1,20.00,Pharmacy,2028-02-01,True,20.00,3893b602-6fed-4216-95b1-df1bb22fed9f,True
883c257f-de93-4c49-a7ec-24aa5d8f7399,Jerifan 2,Blood Tonic,29.55,40.00,2.00,2025-07-12 16:04:09,,1,40.00,Pharmacy,2027-03-01,True,40.00,3893b602-6fed-4216-95b1-df1bb22fed9f,True
c7ac7ea4-039c-4b9a-aae6-2f031e7c1fef,Bonaplex Syrup,Blood Tonic,50.00,75.00,3.00,2025-07-12 16:11:40,,1,75.00,Pharmacy,2027-01-01,True,75.00,3893b602-6fed-4216-95b1-df1bb22fed9f,True
44975804-d327-4ae1-9a24-afda32ac76d5,Linctus Adult Cough Syrup,cough,13.99,20.00,14.00,2025-07-12 16:14:07,,1,20.00,Pharmacy,2028-01-01,True,20.00,3893b602-6fed-4216-95b1-df1bb22fed9f,True
6076b784-a7a3-4822-ba8f-477d7123a78a,Foligrow Tonic,Blood Tonic,31.34,45.00,1.00,2025-07-12 16:17:29,,1,45.00,Pharmacy,2026-11-01,True,45.00,3893b602-6fed-4216-95b1-df1bb22fed9f,True
76156f03-9fad-450c-93a8-61c37701e01b,Bioglobin(large),Blood Tonic,24.90,40.00,1.00,2025-07-12 16:20:40,,1,40.00,Pharmacy,2026-07-01,True,40.00,3893b602-6fed-4216-95b1-df1bb22fed9f,True
a267ee77-ecfc-410a-aeca-5da1c5800b34,B-Complex Syrup,food supliment,4.98,10.00,5.00,2025-07-12 16:24:25,,1,10.00,Pharmacy,2026-07-01,True,10.00,3893b602-6fed-4216-95b1-df1bb22fed9f,True
3d2b113a-79e5-471f-887d-973b991e1347,Virol Tonic,Blood Tonic,21.10,27.00,5.00,2025-07-12 16:27:50,,1,27.00,Pharmacy,2027-01-01,True,27.00,3893b602-6fed-4216-95b1-df1bb22fed9f,True
1c18b43e-3357-48e9-b7ea-01404c197aaa,Zubes Adult,cough,26.70,35.00,1.00,2025-07-12 16:37:06,,1,35.00,Pharmacy,2028-03-01,True,35.00,3893b602-6fed-4216-95b1-df1bb22fed9f,True
4daea214-5145-4bd3-a63a-b1ada67c40eb,Streptol,cough,2.69,4.00,0.70,2025-07-12 16:40:27,,1,4.00,Pharmacy,2027-02-20,True,4.00,3893b602-6fed-4216-95b1-df1bb22fed9f,True
1d251c6e-d741-478e-bc12-9962594fe7da,Kofof Baby,cough,10.70,22.00,10.00,2025-07-12 16:41:40,,1,22.00,Pharmacy,2027-01-01,True,22.00,3893b602-6fed-4216-95b1-df1bb22fed9f,True
96a87ceb-c817-4e9f-97db-bcee890aff23,Carbozap Junior Cough Syrup,cough,13.40,20.00,1.00,2025-07-12 16:51:44,,1,20.00,Pharmacy,2027-01-01,True,20.00,3893b602-6fed-4216-95b1-df1bb22fed9f,True
3ecc9c8f-4666-4c94-bdd6-c977b9d52750,Zincovit Syrup,Blood Tonic,38.99,45.00,2.00,2025-07-12 15:39:20,,1,45.00,Pharmacy,2026-11-01,True,45.00,3893b602-6fed-4216-95b1-df1bb22fed9f,True
c1e466d3-211f-48be-99a3-fde1870c2c34,Samalin junior,cough,15.10,20.00,5.00,2025-07-12 16:34:02,,1,20.00,Pharmacy,2027-10-01,True,20.00,3893b602-6fed-4216-95b1-df1bb22fed9f,True
04ecc47d-ec17-430a-bfe6-4050925dbcfc,Vigorix Forte Capsule,food supliment,4.00,21.00,0.33,2025-07-12 15:41:45,,3,7.00,Pharmacy,2027-06-01,True,21.00,3893b602-6fed-4216-95b1-df1bb22fed9f,True
6ff69457-0f05-41e9-8504-ac6e08168ceb,Calcium B12 Suspension,Booster,6.40,10.00,3.00,2025-07-12 16:50:24,,1,10.00,Pharmacy,2026-08-01,True,10.00,3893b602-6fed-4216-95b1-df1bb22fed9f,True
008a6649-1dee-4787-883e-cb74eb6d5980,Linctus Junior Cough Syrup,cough,13.98,20.00,7.00,2025-07-12 16:56:02,,1,20.00,Pharmacy,2027-10-01,True,20.00,3893b602-6fed-4216-95b1-df1bb22fed9f,True
04c6cd03-4ec1-4c4c-bc43-b87dd54efd35,Haemoglobin Syrup,Blood Tonic,7.70,15.00,20.00,2025-07-12 15:12:51,,1,15.00,Pharmacy,2026-04-01,True,15.00,3893b602-6fed-4216-95b1-df1bb22fed9f,True
73224d82-8604-43e0-9f66-8a96809273f4,Samalin Adult Cough Syrup,cough,12.50,20.00,7.00,2025-07-12 15:52:17,,1,20.00,Pharmacy,2028-02-01,True,20.00,3893b602-6fed-4216-95b1-df1bb22fed9f,True
520b9045-4f59-4ded-bf81-c0f213adb795,Dynewell,Blood Tonic,8.08,15.00,22.00,2025-07-12 15:07:22,,1,15.00,Pharmacy,2027-02-01,True,15.00,3893b602-6fed-4216-95b1-df1bb22fed9f,True
cd9c0403-fcf8-4db9-b418-ec040bf0881e,Heptolif,blood tonic,21.50,37.00,0.00,2025-07-12 15:26:33,,1,37.00,Pharmacy,2027-04-01,True,37.00,3893b602-6fed-4216-95b1-df1bb22fed9f,True
40a07abd-dedb-46f1-a908-b942de6bcacc,Carbozap Adult Cough Syrup,cough,12.80,20.00,5.00,2025-07-12 16:08:45,,1,20.00,Pharmacy,2026-11-01,True,20.00,3893b602-6fed-4216-95b1-df1bb22fed9f,True
8d03b56b-45a8-46ec-a806-df9cd128cb32,Letalin,cough,4.98,10.00,15.00,2025-07-16 14:06:07,,1,10.00,Pharmacy,2027-03-01,True,10.00,3893b602-6fed-4216-95b1-df1bb22fed9f,True
cd48e218-a008-4cd0-bcf3-f71e066c9186,Coldrilif,catarrh,11.40,20.00,4.00,2025-07-12 17:05:57,,1,20.00,Pharmacy,2028-02-01,True,20.00,3893b602-6fed-4216-95b1-df1bb22fed9f,True
1453c129-d14f-49a7-b374-2ca4893eb304,NuroDol Forte,painkiller,7.90,100.00,2.90,2025-07-12 11:03:26,,10,10.00,Pharmacy,2027-07-01,True,100.00,3893b602-6fed-4216-95b1-df1bb22fed9f,True
f1e0d5b2-b770-4144-aa04-48d739d8f722,Funbact-A,skin rushes,9.50,15.00,8.00,2025-07-12 10:55:03,,1,15.00,Pharmacy,2027-10-01,True,15.00,3893b602-6fed-4216-95b1-df1bb22fed9f,True
57d8e8bc-4cb8-4523-8baf-892acc2e27bc,Becoactin Syrup,blood tonic,21.89,28.00,4.00,2025-07-12 11:12:34,,1,28.00,Pharmacy,2027-03-09,True,28.00,3893b602-6fed-4216-95b1-df1bb22fed9f,True
cd2ce9cd-1dcd-4140-87a1-5ad2f5206247,Leena Syrup,blood tonic,19.98,28.00,0.00,2025-07-12 12:58:01,,1,28.00,Pharmacy,2026-11-03,True,28.00,3893b602-6fed-4216-95b1-df1bb22fed9f,True
be6459fb-cab0-4158-b42b-6946c20b8a7e,Zubes Tablet,cough,1.69,75.00,3.18,2025-07-12 17:07:38,,25,3.00,Pharmacy,2028-01-01,True,75.00,3893b602-6fed-4216-95b1-df1bb22fed9f,True
68018bfd-e6d6-4f74-852e-84cf6632c241,Paradin Extra,painkiller,3.20,50.00,5.60,2025-07-12 10:56:52,,10,5.00,Pharmacy,2027-01-01,True,50.00,3893b602-6fed-4216-95b1-df1bb22fed9f,True
197389a9-f46f-4a3e-8344-47209438a1e5,Zubes Junior Syrup,cough,17.90,25.00,0.00,2025-07-12 16:59:23,,1,25.00,Pharmacy,2027-09-10,True,25.00,3893b602-6fed-4216-95b1-df1bb22fed9f,True
a8fd5d53-b1ed-48e7-984a-89870e654634,Efpac Junior,Headach,14.40,20.00,12.00,2025-07-16 14:00:12,,1,20.00,Pharmacy,2028-01-01,True,20.00,3893b602-6fed-4216-95b1-df1bb22fed9f,True
bfb973e3-0e59-4fa5-ad9b-568f2999b5b0,Colodium Capsules,stomach,2.20,30.00,12.50,2025-07-12 17:26:35,,10,3.00,Pharmacy,2027-05-01,True,30.00,3893b602-6fed-4216-95b1-df1bb22fed9f,True
48ead91e-da33-4a72-ac2b-e1f7a66fb5a5,Auntie Mary Gripe Mix,imune booster,19.98,25.00,6.00,2025-07-12 16:58:17,,1,25.00,Pharmacy,2027-11-01,True,25.00,3893b602-6fed-4216-95b1-df1bb22fed9f,True
9a4fd8d8-558b-4251-b39a-cad78c227acd,Kofof Junior Syrup,cough,10.70,20.00,6.00,2025-07-12 17:01:35,,1,20.00,Pharmacy,2027-01-01,True,20.00,3893b602-6fed-4216-95b1-df1bb22fed9f,True
4cc65aeb-21f5-414f-bb96-daf875284b93,Teedar syrup,Fevar,15.98,20.00,8.00,2025-07-12 17:00:39,,1,20.00,Pharmacy,2026-03-01,True,20.00,3893b602-6fed-4216-95b1-df1bb22fed9f,True
f4a2b0fb-852d-4214-9be7-954d6fe36f1c,paracetamol,painkiller,0.62,1800.00,5.93,2025-07-12 10:30:48,,600,3.00,Pharmacy,2026-07-01,True,1800.00,3893b602-6fed-4216-95b1-df1bb22fed9f,True
4a16821b-b9a4-4c68-9ed9-ea39f7df67d9,Letacam Capsule,painkiller,1.19,30.00,8.00,2025-07-12 17:22:17,,10,3.00,Pharmacy,2027-02-01,True,30.00,3893b602-6fed-4216-95b1-df1bb22fed9f,True
2c062d1f-2ff2-492d-b963-87e22728fafe,Robb Inhaler,catarrh,38.79,120.00,1.53,2025-07-12 17:19:46,,12,10.00,Pharmacy,2027-06-27,True,120.00,3893b602-6fed-4216-95b1-df1bb22fed9f,True
6b9e4714-9b06-427c-ad91-f294ad4b61a5,Menthox Tablet,cough,1.98,75.00,3.52,2025-07-12 17:15:54,,25,3.00,Pharmacy,2027-07-01,True,75.00,3893b602-6fed-4216-95b1-df1bb22fed9f,True
56eac7c1-08e3-42c8-8d41-6048db8cf40a,Amoxicillin Suspension,antibiotic,5.79,17.00,9.00,2025-07-13 16:31:36,,1,17.00,Pharmacy,2027-03-01,True,17.00,3893b602-6fed-4216-95b1-df1bb22fed9f,True
c118ec22-ab65-4f28-a4f1-dce6b74111c2,Flucloxacillin Suspension,antibiotic,6.88,17.00,13.00,2025-07-13 16:35:48,,1,17.00,Pharmacy,2027-03-01,True,17.00,3893b602-6fed-4216-95b1-df1bb22fed9f,True
03d5a2db-4147-4689-aa29-1dd529d1a6ba,Flucloxacillin Capsule,antibiotic,4.10,70.00,14.40,2025-07-13 16:34:11,,10,7.00,Pharmacy,2026-02-01,True,70.00,3893b602-6fed-4216-95b1-df1bb22fed9f,True
c8ec08cd-b99f-4cbc-b8ab-a62548eed91d,Septrine Tablet,antibiotics,1.69,150.00,1.00,2025-07-13 17:02:39,,50,3.00,Pharmacy,2026-09-01,True,150.00,3893b602-6fed-4216-95b1-df1bb22fed9f,True
93f4786e-cae5-4984-9c43-4faa0805d230,Metronidazole Tablet,antibiotic,0.89,150.00,4.66,2025-07-13 16:40:42,,50,3.00,Pharmacy,2027-02-01,True,150.00,3893b602-6fed-4216-95b1-df1bb22fed9f,True
fe27635f-56d4-4e6d-9358-8b49b2fb1d48,Doxycycline Capsule,antibiotics,3.95,60.00,5.00,2025-07-13 17:20:58,,10,6.00,Pharmacy,2027-02-01,True,60.00,3893b602-6fed-4216-95b1-df1bb22fed9f,True
41dbf9a2-3b3a-4dcb-9aa8-e1bc1b994f6b,Metformin,For Diabetic,17.00,40.00,2.00,2025-07-13 17:38:27,,10,4.00,Pharmacy,2028-01-01,True,40.00,3893b602-6fed-4216-95b1-df1bb22fed9f,True
305ac964-0458-4838-aeba-7847ba38f97f,Mixtab Flu Tablets,catarrh,89.00,150.00,2.89,2025-07-12 14:26:11,,50,3.00,Pharmacy,2028-03-01,True,150.00,3893b602-6fed-4216-95b1-df1bb22fed9f,True
b1eb73b1-2e63-4b75-9f65-cbd942a2b7bc,Cefuroxime Suspension,antibiotics,14.50,45.00,6.00,2025-07-13 18:19:56,,1,45.00,Pharmacy,2026-08-01,True,45.00,3893b602-6fed-4216-95b1-df1bb22fed9f,True
cb25b80f-bfb4-4518-9caa-2df5ed1e072f,Amosiclave Suspension 228.5,antibiotics,17.50,40.00,3.00,2025-07-13 18:30:41,,1,40.00,Pharmacy,2026-11-01,True,40.00,3893b602-6fed-4216-95b1-df1bb22fed9f,True
ab3a5677-650c-4f65-8680-d024651bd806,Amosklave 457 Suspension,antibiotic,21.00,45.00,2.00,2025-07-13 18:30:58,,1,45.00,Pharmacy,2026-01-01,True,45.00,3893b602-6fed-4216-95b1-df1bb22fed9f,True
efbaa0ff-ef8a-4045-9180-c472ba154f72,Tetracyclin Capsule,antibiotic,1.35,200.00,5.70,2025-07-17 19:49:01,,50,4.00,Pharmacy,2026-01-01,True,200.00,3893b602-6fed-4216-95b1-df1bb22fed9f,True
d5a6687a-e164-48d6-81e7-4a968810bb4a,Librium Capsule,Headache,76.84,200.00,1.90,2025-07-13 17:53:35,,50,4.00,Pharmacy,2026-09-01,True,200.00,3893b602-6fed-4216-95b1-df1bb22fed9f,True
f02e265a-ecc9-46f1-b70d-161f1a34dbbf,Pregnancy Test,family planning,2.49,175.00,4.84,2025-07-13 17:14:32,,25,7.00,Pharmacy,2027-07-01,True,175.00,3893b602-6fed-4216-95b1-df1bb22fed9f,True
0624e0bc-947a-45fb-9ff8-890677d6db72,Cefaroxime Tablet,antibiotic,34.00,55.00,5.00,2025-07-13 18:19:56,,1,55.00,Pharmacy,2027-12-01,True,55.00,3893b602-6fed-4216-95b1-df1bb22fed9f,True
a7f543cc-6652-4204-9244-7ea5d88fa371,Celicoxib Capsules,Painkiller,53.00,120.00,1.67,2025-07-13 18:08:44,,3,40.00,Pharmacy,2028-03-01,True,120.00,3893b602-6fed-4216-95b1-df1bb22fed9f,True
922f651c-2cad-44a4-9d49-4fb939654011,Pregabalin Capsule,Painkiller,118.65,135.00,2.67,2025-07-13 18:16:50,,3,45.00,Pharmacy,2027-12-01,True,135.00,3893b602-6fed-4216-95b1-df1bb22fed9f,True
c026e84f-8917-43a2-a94f-7c0ff62b8dcf,Metronidazole Suspension,antibiotic,6.10,17.00,4.00,2025-07-13 16:42:56,,1,17.00,Pharmacy,2027-04-01,True,17.00,3893b602-6fed-4216-95b1-df1bb22fed9f,True
e03d9728-f1b7-4627-bc22-07b6f899fde6,Multivite Syrup,blood tonic,4.98,10.00,7.00,2025-07-12 16:22:37,,1,10.00,Pharmacy,2026-08-01,True,10.00,3893b602-6fed-4216-95b1-df1bb22fed9f,True
4862970e-b9ba-4556-8ec6-f87a6770931a,Ciprofloxacillin Tablet,antibiotics,6.10,100.00,5.65,2025-07-13 17:25:42,,10,10.00,Pharmacy,2026-09-01,True,100.00,3893b602-6fed-4216-95b1-df1bb22fed9f,True
5afc5220-2c86-4683-b579-ce726be8d4b0,Diazepam 5 Tablet,Sleeping Tab,1.25,100.00,2.78,2025-07-13 17:28:53,,50,2.00,Pharmacy,2028-06-01,True,100.00,3893b602-6fed-4216-95b1-df1bb22fed9f,True
622fa1d5-130e-4985-86d7-058f1ef7230d,Amoxiclav Tablet,antibiotic,35.00,55.00,5.00,2025-07-16 13:59:03,,1,55.00,Pharmacy,2027-01-01,True,55.00,3893b602-6fed-4216-95b1-df1bb22fed9f,True
edb82644-60f1-49cb-af4d-f8bccb4e8787,Indocid Capsule,painkiiler,1.12,150.00,0.92,2025-07-13 18:11:31,,50,3.00,Pharmacy,2026-02-01,True,150.00,3893b602-6fed-4216-95b1-df1bb22fed9f,True
810c2a53-0c06-462a-b86f-006bb13656d2,Dexacortin,Cough,3.50,7.00,25.00,2025-07-13 17:32:43,,1,7.00,Pharmacy,2027-03-01,True,7.00,3893b602-6fed-4216-95b1-df1bb22fed9f,True
b18c6f7b-e57d-4ef4-bfe5-a95214688478,Septrine Suspension,antibiotics,5.98,17.00,6.00,2025-07-13 17:09:42,,1,17.00,Pharmacy,2027-02-01,True,17.00,3893b602-6fed-4216-95b1-df1bb22fed9f,True
f7ff5755-c151-42ce-86de-7a181ef7ae55,Chloramphenicol Suspension,antibiotics,9.89,17.00,2.00,2025-07-13 17:10:25,,1,17.00,Pharmacy,2026-09-01,True,17.00,3893b602-6fed-4216-95b1-df1bb22fed9f,True
08051d1c-49cc-4450-92d3-9e19deae78ba,Penicillin-V Tablet,antibiotics,1.65,400.00,7.79,2025-07-13 17:17:59,,100,4.00,Pharmacy,2027-01-01,True,400.00,3893b602-6fed-4216-95b1-df1bb22fed9f,True
c61d5037-bf4d-40c8-b380-7e52344243e6,Amoxicilin Capsule,antibiotic,2.68,250.00,5.68,2025-07-13 16:26:12,,50,5.00,Pharmacy,2027-03-01,True,250.00,3893b602-6fed-4216-95b1-df1bb22fed9f,True
c98267fd-0b79-4198-a18b-b5b7116aac65,Kwik Action Advance,Fevar,1.54,150.00,10.32,2025-07-12 14:35:35,,50,3.00,Pharmacy,2028-03-01,True,150.00,3893b602-6fed-4216-95b1-df1bb22fed9f,True
f5f2b14e-9701-4caa-b119-3298e16967f4,Chloramphenicol Capsule,antibiotic,4.28,350.00,6.99,2025-07-13 16:45:32,,50,7.00,Pharmacy,2026-04-01,True,350.00,3893b602-6fed-4216-95b1-df1bb22fed9f,True
317d75ac-eddb-4ea2-90ea-7bfd971ff952,Trisilicate tablet,stomach,0.84,300.00,1.43,2025-07-12 12:18:55,,100,3.00,Pharmacy,2027-02-01,True,300.00,3893b602-6fed-4216-95b1-df1bb22fed9f,True
d339399a-d489-4f78-a423-85e884297721,Efpac,Painkiller,2.51,200.00,7.96,2025-07-12 14:44:48,,50,4.00,Pharmacy,2028-02-01,True,200.00,3893b602-6fed-4216-95b1-df1bb22fed9f,True
f8d5f84a-ddfc-4c51-b3c7-311e0eaa236a,test,Painkiller,4.00,5.00,0.00,2025-07-15 00:31:39,,1,5.00,Pharmacy,2027-01-01,True,5.00,3893b602-6fed-4216-95b1-df1bb22fed9f,True
dfdc76d0-adf6-40c8-941e-ca59ae0b9a82,Aboniki,Balm,7.50,13.00,21.00,2025-07-12 11:45:49,,1,13.00,Pharmacy,2028-05-25,True,13.00,3893b602-6fed-4216-95b1-df1bb22fed9f,True
5ec55894-e9bb-4a44-bdaf-94b6353beff5,Multivite tablets,food supliment,0.45,100.00,5.31,2025-07-12 14:40:07,,100,1.00,Pharmacy,2026-03-01,True,100.00,3893b602-6fed-4216-95b1-df1bb22fed9f,True
b2622cd4-0bde-4237-b677-cc86b55b39f5,Gebedol,pain killer,3.49,42.00,10.67,2025-07-12 13:34:13,,6,7.00,Pharmacy,2027-10-10,True,42.00,3893b602-6fed-4216-95b1-df1bb22fed9f,True
c006a84c-9e4f-4916-88ad-4676b31988a0,Nifidipine Tab,Bp,26.70,40.00,20.00,2025-07-16 13:50:26,,10,4.00,Pharmacy,2026-08-01,True,40.00,3893b602-6fed-4216-95b1-df1bb22fed9f,True
f9e2ffe8-acc2-4fe5-baf8-94da403e9f77,Impressor capsule,painkiller,2.26,2.83,3.50,2025-07-16 14:03:50,30,1,2.83,Pharmacy,2028-01-01,True,2.83,3893b602-6fed-4216-95b1-df1bb22fed9f,True
b4ae587c-11ae-46d9-af1b-f751925dd263,Cannula,string,1.53,4.00,20.00,2025-07-16 14:05:16,,1,4.00,Pharmacy,2027-04-01,True,4.00,3893b602-6fed-4216-95b1-df1bb22fed9f,True
5c1ce7a4-ca1d-4584-8bbb-16300fbdf39e,B-Complex Tablet,food supliment,0.44,100.00,3.54,2025-07-12 14:42:34,,100,1.00,Pharmacy,2026-09-01,True,100.00,3893b602-6fed-4216-95b1-df1bb22fed9f,True
48ab94b7-7035-4b40-ac6d-386981456ea3,Prednisolone,painkiller,0.91,1032.50,5.88,2025-07-16 14:20:44,,413,2.50,Pharmacy,2026-08-02,True,1032.50,3893b602-6fed-4216-95b1-df1bb22fed9f,True
f4c81ef2-2f46-4f82-b916-8053b82eeea6,Dynwell tab,supplement,0.39,50.00,4.36,2025-07-16 13:53:19,,50,1.00,Pharmacy,2027-02-01,True,50.00,3893b602-6fed-4216-95b1-df1bb22fed9f,True
786535a7-48cd-487e-bcdd-4e848e946953,Cafalgin,painkiller/fever,1.21,100.00,2.54,2025-07-12 16:30:17,,25,4.00,Pharmacy,2026-12-01,True,100.00,3893b602-6fed-4216-95b1-df1bb22fed9f,True
